,Url_linked,Mentions,RT,No_ofwords,Hashtags,No_ofchars,Comma,Exclamations,Credibility
1,TRUE,FALSE,FALSE,More than 18,One,More than 135,FALSE,TRUE,HC
2,TRUE,TRUE,FALSE,More than 18,Zero,Between 91 and 135,TRUE,FALSE,HC
3,TRUE,FALSE,FALSE,More than 18,Zero,Between 91 and 135,TRUE,TRUE,NC
4,TRUE,TRUE,FALSE,More than 18,Two or more,Between 91 and 135,FALSE,FALSE,NC
5,TRUE,TRUE,FALSE,Between 11 and 18,One,Between 91 and 135,FALSE,FALSE,LC
6,TRUE,TRUE,FALSE,Between 11 and 18,One,Between 91 and 135,FALSE,FALSE,HC
7,TRUE,TRUE,FALSE,More than 18,One,Between 91 and 135,FALSE,FALSE,NC
8,TRUE,TRUE,FALSE,More than 18,Zero,More than 135,FALSE,FALSE,HC
9,TRUE,TRUE,TRUE,More than 18,One,More than 135,FALSE,FALSE,HC
10,TRUE,TRUE,FALSE,More than 18,Two or more,More than 135,FALSE,FALSE,HC
11,TRUE,FALSE,FALSE,Less than or equal to 10,Zero,90 or lesser,FALSE,FALSE,HC
12,TRUE,FALSE,FALSE,Less than or equal to 10,Zero,90 or lesser,FALSE,FALSE,HC
13,TRUE,FALSE,FALSE,Between 11 and 18,Zero,90 or lesser,FALSE,FALSE,NC
14,TRUE,FALSE,FALSE,Less than or equal to 10,Zero,90 or lesser,FALSE,FALSE,HC
15,TRUE,FALSE,FALSE,Between 11 and 18,Zero,90 or lesser,FALSE,FALSE,NC
16,TRUE,FALSE,FALSE,More than 18,Zero,Between 91 and 135,FALSE,FALSE,LC
17,TRUE,FALSE,FALSE,Between 11 and 18,Zero,90 or lesser,FALSE,FALSE,LC
18,TRUE,FALSE,FALSE,Between 11 and 18,Zero,90 or lesser,FALSE,FALSE,LC
19,TRUE,FALSE,FALSE,More than 18,One,Between 91 and 135,FALSE,TRUE,LC
20,TRUE,FALSE,FALSE,More than 18,Zero,90 or lesser,TRUE,FALSE,HC
21,TRUE,FALSE,FALSE,Between 11 and 18,Zero,90 or lesser,FALSE,FALSE,HC
22,TRUE,FALSE,FALSE,Between 11 and 18,Zero,90 or lesser,TRUE,FALSE,HC
23,TRUE,FALSE,FALSE,Between 11 and 18,Zero,90 or lesser,FALSE,FALSE,HC
24,TRUE,FALSE,FALSE,Between 11 and 18,Zero,90 or lesser,FALSE,FALSE,NC
25,TRUE,TRUE,FALSE,Between 11 and 18,Zero,Between 91 and 135,TRUE,FALSE,LC
26,TRUE,FALSE,FALSE,Between 11 and 18,Zero,90 or lesser,FALSE,FALSE,NC
27,TRUE,FALSE,FALSE,Between 11 and 18,Zero,90 or lesser,FALSE,FALSE,HC
28,TRUE,FALSE,FALSE,Between 11 and 18,Zero,90 or lesser,TRUE,FALSE,LC
29,TRUE,FALSE,FALSE,Between 11 and 18,Zero,90 or lesser,FALSE,FALSE,HC
30,TRUE,FALSE,FALSE,Less than or equal to 10,Zero,90 or lesser,FALSE,FALSE,NC
31,TRUE,FALSE,FALSE,Between 11 and 18,Zero,90 or lesser,FALSE,FALSE,HC
32,TRUE,FALSE,FALSE,Less than or equal to 10,Zero,90 or lesser,FALSE,FALSE,HC
33,TRUE,FALSE,FALSE,Between 11 and 18,Zero,90 or lesser,FALSE,FALSE,HC
34,TRUE,FALSE,FALSE,Between 11 and 18,Zero,90 or lesser,TRUE,FALSE,HC
35,TRUE,FALSE,FALSE,Between 11 and 18,Zero,90 or lesser,FALSE,FALSE,LC
36,TRUE,FALSE,FALSE,Between 11 and 18,Zero,90 or lesser,FALSE,FALSE,HC
37,TRUE,FALSE,FALSE,Between 11 and 18,Zero,90 or lesser,FALSE,FALSE,HC
38,TRUE,FALSE,FALSE,Between 11 and 18,Zero,90 or lesser,FALSE,FALSE,HC
39,TRUE,FALSE,FALSE,Between 11 and 18,Zero,90 or lesser,TRUE,FALSE,HC
40,TRUE,FALSE,FALSE,Between 11 and 18,Zero,90 or lesser,FALSE,FALSE,HC
41,TRUE,TRUE,FALSE,More than 18,Zero,Between 91 and 135,TRUE,FALSE,HC
42,TRUE,FALSE,FALSE,Between 11 and 18,Zero,90 or lesser,FALSE,FALSE,HC
43,TRUE,FALSE,FALSE,Between 11 and 18,Zero,90 or lesser,TRUE,FALSE,HC
44,TRUE,FALSE,FALSE,Between 11 and 18,Two or more,90 or lesser,FALSE,FALSE,HC
45,TRUE,FALSE,FALSE,Between 11 and 18,Zero,90 or lesser,FALSE,FALSE,NC
46,TRUE,FALSE,FALSE,Between 11 and 18,One,90 or lesser,FALSE,FALSE,NC
47,TRUE,FALSE,FALSE,Between 11 and 18,One,90 or lesser,FALSE,FALSE,NC
48,TRUE,FALSE,FALSE,Between 11 and 18,Zero,90 or lesser,FALSE,FALSE,LC
49,TRUE,FALSE,FALSE,Between 11 and 18,Zero,90 or lesser,FALSE,FALSE,HC
50,TRUE,TRUE,FALSE,Between 11 and 18,Zero,90 or lesser,TRUE,FALSE,HC
51,TRUE,FALSE,FALSE,Between 11 and 18,Zero,90 or lesser,FALSE,FALSE,NC
52,TRUE,TRUE,FALSE,Between 11 and 18,Zero,90 or lesser,FALSE,FALSE,HC
53,TRUE,FALSE,FALSE,Between 11 and 18,Zero,90 or lesser,FALSE,FALSE,NC
54,TRUE,FALSE,FALSE,More than 18,Zero,Between 91 and 135,TRUE,FALSE,HC
55,TRUE,FALSE,FALSE,Between 11 and 18,Zero,90 or lesser,FALSE,FALSE,HC
56,FALSE,TRUE,TRUE,More than 18,Zero,Between 91 and 135,FALSE,FALSE,HC
57,TRUE,FALSE,FALSE,Between 11 and 18,Zero,90 or lesser,FALSE,FALSE,HC
58,TRUE,FALSE,FALSE,Between 11 and 18,Zero,90 or lesser,FALSE,FALSE,HC
59,TRUE,FALSE,FALSE,Between 11 and 18,Zero,90 or lesser,TRUE,FALSE,NC
60,TRUE,FALSE,FALSE,Between 11 and 18,Zero,90 or lesser,FALSE,FALSE,NC
61,TRUE,FALSE,FALSE,Between 11 and 18,Zero,90 or lesser,FALSE,FALSE,NC
62,TRUE,FALSE,FALSE,Less than or equal to 10,Zero,90 or lesser,FALSE,FALSE,HC
63,TRUE,FALSE,FALSE,Between 11 and 18,Zero,90 or lesser,FALSE,FALSE,NC
64,TRUE,FALSE,FALSE,Between 11 and 18,Zero,90 or lesser,FALSE,FALSE,HC
65,TRUE,FALSE,FALSE,Between 11 and 18,Zero,Between 91 and 135,FALSE,FALSE,HC
66,TRUE,FALSE,FALSE,Between 11 and 18,Zero,Between 91 and 135,FALSE,FALSE,HC
67,TRUE,FALSE,FALSE,Between 11 and 18,Zero,90 or lesser,FALSE,FALSE,NC
68,TRUE,FALSE,FALSE,Between 11 and 18,Zero,90 or lesser,TRUE,FALSE,LC
69,TRUE,FALSE,FALSE,Between 11 and 18,Zero,90 or lesser,FALSE,FALSE,NC
70,TRUE,FALSE,FALSE,Between 11 and 18,Zero,90 or lesser,FALSE,FALSE,NC
71,TRUE,FALSE,FALSE,More than 18,Zero,Between 91 and 135,TRUE,FALSE,LC
72,TRUE,FALSE,FALSE,Between 11 and 18,Zero,Between 91 and 135,FALSE,FALSE,LC
73,TRUE,TRUE,FALSE,More than 18,One,Between 91 and 135,TRUE,FALSE,HC
74,TRUE,FALSE,FALSE,More than 18,Zero,More than 135,TRUE,FALSE,LC
75,TRUE,FALSE,FALSE,Between 11 and 18,Zero,Between 91 and 135,FALSE,FALSE,HC
76,FALSE,FALSE,FALSE,Between 11 and 18,Two or more,90 or lesser,FALSE,TRUE,HC
77,FALSE,TRUE,FALSE,Between 11 and 18,Zero,Between 91 and 135,FALSE,FALSE,HC
78,TRUE,FALSE,FALSE,Between 11 and 18,Zero,90 or lesser,FALSE,FALSE,LC
79,FALSE,FALSE,FALSE,More than 18,Zero,More than 135,FALSE,FALSE,LC
80,TRUE,FALSE,FALSE,Between 11 and 18,One,Between 91 and 135,FALSE,FALSE,LC
81,TRUE,FALSE,FALSE,More than 18,Zero,Between 91 and 135,FALSE,FALSE,LC
82,FALSE,TRUE,FALSE,Between 11 and 18,Zero,90 or lesser,FALSE,TRUE,HC
83,TRUE,FALSE,FALSE,More than 18,One,More than 135,TRUE,TRUE,NC
84,TRUE,TRUE,FALSE,More than 18,One,Between 91 and 135,FALSE,TRUE,HC
85,TRUE,FALSE,FALSE,More than 18,Two or more,Between 91 and 135,TRUE,TRUE,HC
86,TRUE,FALSE,FALSE,Between 11 and 18,Two or more,Between 91 and 135,TRUE,TRUE,LC
87,FALSE,TRUE,FALSE,Between 11 and 18,Zero,90 or lesser,FALSE,TRUE,NC
88,TRUE,TRUE,FALSE,More than 18,One,Between 91 and 135,TRUE,FALSE,LC
89,FALSE,TRUE,FALSE,Between 11 and 18,Zero,90 or lesser,TRUE,TRUE,LC
90,TRUE,FALSE,FALSE,Between 11 and 18,One,Between 91 and 135,FALSE,FALSE,LC
91,TRUE,TRUE,FALSE,Less than or equal to 10,Two or more,90 or lesser,FALSE,TRUE,LC
92,TRUE,TRUE,FALSE,More than 18,One,More than 135,FALSE,TRUE,LC
93,TRUE,TRUE,FALSE,Less than or equal to 10,Two or more,90 or lesser,FALSE,TRUE,LC
94,FALSE,TRUE,FALSE,More than 18,One,More than 135,FALSE,TRUE,LC
95,TRUE,FALSE,FALSE,Less than or equal to 10,One,90 or lesser,FALSE,FALSE,LC
96,TRUE,FALSE,FALSE,More than 18,One,Between 91 and 135,FALSE,FALSE,HC
97,TRUE,FALSE,FALSE,Between 11 and 18,Zero,90 or lesser,FALSE,FALSE,LC
98,FALSE,FALSE,FALSE,Between 11 and 18,One,90 or lesser,TRUE,FALSE,LC
99,FALSE,TRUE,FALSE,Between 11 and 18,One,90 or lesser,FALSE,FALSE,LC
100,FALSE,FALSE,FALSE,More than 18,Zero,Between 91 and 135,FALSE,FALSE,LC
101,TRUE,FALSE,FALSE,More than 18,Zero,Between 91 and 135,FALSE,FALSE,HC
102,TRUE,FALSE,FALSE,More than 18,One,Between 91 and 135,FALSE,FALSE,HC
103,FALSE,TRUE,FALSE,Between 11 and 18,Zero,Between 91 and 135,FALSE,TRUE,NC
104,TRUE,FALSE,TRUE,Between 11 and 18,One,Between 91 and 135,FALSE,FALSE,LC
105,TRUE,FALSE,FALSE,More than 18,Zero,More than 135,FALSE,FALSE,LC
106,TRUE,TRUE,FALSE,More than 18,One,Between 91 and 135,FALSE,FALSE,NC
107,FALSE,FALSE,FALSE,Between 11 and 18,Two or more,Between 91 and 135,FALSE,FALSE,HC
108,TRUE,FALSE,FALSE,Between 11 and 18,One,Between 91 and 135,FALSE,FALSE,LC
109,TRUE,FALSE,FALSE,Between 11 and 18,One,Between 91 and 135,FALSE,FALSE,HC
110,TRUE,TRUE,FALSE,More than 18,Two or more,Between 91 and 135,FALSE,FALSE,LC
111,FALSE,FALSE,FALSE,More than 18,One,More than 135,TRUE,FALSE,LC
112,TRUE,TRUE,FALSE,More than 18,Zero,More than 135,FALSE,FALSE,HC
113,TRUE,FALSE,FALSE,Between 11 and 18,One,Between 91 and 135,FALSE,FALSE,LC
114,FALSE,TRUE,FALSE,More than 18,Zero,Between 91 and 135,TRUE,FALSE,LC
115,FALSE,TRUE,FALSE,Less than or equal to 10,One,90 or lesser,FALSE,FALSE,HC
116,FALSE,FALSE,FALSE,More than 18,One,Between 91 and 135,FALSE,FALSE,LC
117,TRUE,FALSE,FALSE,More than 18,Two or more,Between 91 and 135,FALSE,FALSE,LC
118,TRUE,FALSE,FALSE,More than 18,Zero,More than 135,FALSE,FALSE,LC
119,FALSE,FALSE,FALSE,Between 11 and 18,One,Between 91 and 135,FALSE,FALSE,LC
120,TRUE,TRUE,FALSE,Between 11 and 18,One,Between 91 and 135,FALSE,FALSE,HC
121,TRUE,FALSE,FALSE,More than 18,Two or more,Between 91 and 135,FALSE,FALSE,HC
122,TRUE,TRUE,FALSE,More than 18,One,Between 91 and 135,FALSE,FALSE,NC
123,TRUE,FALSE,FALSE,More than 18,Zero,More than 135,TRUE,FALSE,NC
124,TRUE,FALSE,FALSE,More than 18,Zero,Between 91 and 135,FALSE,FALSE,HC
125,TRUE,FALSE,FALSE,Less than or equal to 10,One,90 or lesser,FALSE,TRUE,LC
126,TRUE,FALSE,FALSE,Between 11 and 18,One,90 or lesser,FALSE,FALSE,NC
127,TRUE,FALSE,FALSE,More than 18,Zero,More than 135,FALSE,FALSE,HC
128,TRUE,TRUE,FALSE,Between 11 and 18,One,Between 91 and 135,FALSE,FALSE,LC
129,TRUE,FALSE,FALSE,Between 11 and 18,One,90 or lesser,TRUE,FALSE,LC
130,FALSE,FALSE,FALSE,More than 18,Zero,More than 135,TRUE,FALSE,LC
131,TRUE,FALSE,FALSE,More than 18,One,Between 91 and 135,FALSE,FALSE,HC
132,FALSE,FALSE,FALSE,More than 18,One,Between 91 and 135,FALSE,FALSE,HC
133,FALSE,FALSE,FALSE,More than 18,One,Between 91 and 135,FALSE,FALSE,NC
134,FALSE,FALSE,FALSE,More than 18,One,Between 91 and 135,FALSE,FALSE,LC
135,TRUE,FALSE,FALSE,Less than or equal to 10,One,90 or lesser,FALSE,FALSE,LC
136,TRUE,FALSE,FALSE,More than 18,One,Between 91 and 135,FALSE,FALSE,LC
137,FALSE,FALSE,FALSE,More than 18,One,Between 91 and 135,FALSE,FALSE,LC
138,TRUE,FALSE,FALSE,More than 18,One,Between 91 and 135,FALSE,FALSE,NC
139,TRUE,FALSE,FALSE,Between 11 and 18,Zero,90 or lesser,FALSE,FALSE,LC
140,TRUE,FALSE,FALSE,Between 11 and 18,Two or more,Between 91 and 135,FALSE,TRUE,NC
141,FALSE,FALSE,FALSE,Between 11 and 18,One,Between 91 and 135,FALSE,FALSE,NC
142,TRUE,TRUE,FALSE,More than 18,One,Between 91 and 135,TRUE,TRUE,NC
143,TRUE,FALSE,FALSE,More than 18,One,Between 91 and 135,FALSE,FALSE,LC
144,TRUE,TRUE,FALSE,Between 11 and 18,One,Between 91 and 135,FALSE,FALSE,NC
145,TRUE,FALSE,FALSE,More than 18,One,Between 91 and 135,FALSE,FALSE,LC
146,TRUE,FALSE,FALSE,More than 18,Zero,Between 91 and 135,FALSE,FALSE,HC
147,TRUE,FALSE,FALSE,Between 11 and 18,One,90 or lesser,FALSE,FALSE,NC
148,FALSE,TRUE,FALSE,Between 11 and 18,One,Between 91 and 135,TRUE,FALSE,LC
149,FALSE,TRUE,FALSE,More than 18,Zero,More than 135,TRUE,FALSE,HC
150,TRUE,FALSE,FALSE,Less than or equal to 10,Zero,90 or lesser,FALSE,TRUE,LC
151,TRUE,FALSE,FALSE,Between 11 and 18,One,90 or lesser,FALSE,TRUE,LC
152,FALSE,TRUE,FALSE,More than 18,One,Between 91 and 135,FALSE,FALSE,LC
153,TRUE,FALSE,FALSE,More than 18,Zero,More than 135,TRUE,FALSE,LC
154,TRUE,FALSE,FALSE,More than 18,One,Between 91 and 135,TRUE,FALSE,HC
155,TRUE,FALSE,FALSE,More than 18,One,Between 91 and 135,FALSE,FALSE,NC
156,FALSE,TRUE,FALSE,More than 18,Two or more,Between 91 and 135,FALSE,FALSE,LC
157,TRUE,FALSE,FALSE,More than 18,Zero,More than 135,TRUE,TRUE,NC
158,TRUE,FALSE,FALSE,Between 11 and 18,One,90 or lesser,TRUE,FALSE,NC
159,FALSE,FALSE,FALSE,More than 18,One,Between 91 and 135,FALSE,FALSE,HC
160,FALSE,TRUE,FALSE,Between 11 and 18,Zero,90 or lesser,FALSE,FALSE,HC
161,FALSE,FALSE,FALSE,More than 18,Zero,Between 91 and 135,TRUE,FALSE,HC
162,TRUE,FALSE,FALSE,More than 18,One,Between 91 and 135,FALSE,FALSE,HC
163,TRUE,FALSE,FALSE,More than 18,Zero,More than 135,TRUE,FALSE,HC
164,TRUE,TRUE,FALSE,Between 11 and 18,One,Between 91 and 135,FALSE,TRUE,LC
165,TRUE,FALSE,FALSE,More than 18,Zero,More than 135,TRUE,FALSE,NC
166,TRUE,FALSE,FALSE,Between 11 and 18,Zero,Between 91 and 135,FALSE,FALSE,HC
167,TRUE,FALSE,FALSE,Between 11 and 18,One,Between 91 and 135,FALSE,FALSE,LC
168,TRUE,FALSE,FALSE,More than 18,One,Between 91 and 135,TRUE,FALSE,NC
169,TRUE,FALSE,FALSE,Between 11 and 18,One,Between 91 and 135,FALSE,FALSE,HC
170,TRUE,FALSE,FALSE,Less than or equal to 10,One,90 or lesser,FALSE,FALSE,LC
171,TRUE,FALSE,FALSE,Between 11 and 18,One,90 or lesser,FALSE,FALSE,LC
172,TRUE,FALSE,FALSE,More than 18,One,More than 135,TRUE,FALSE,LC
173,FALSE,FALSE,FALSE,Between 11 and 18,Zero,90 or lesser,TRUE,FALSE,LC
174,FALSE,TRUE,TRUE,More than 18,Two or more,More than 135,FALSE,TRUE,HC
175,FALSE,TRUE,TRUE,More than 18,Zero,More than 135,FALSE,FALSE,LC
176,TRUE,FALSE,FALSE,Between 11 and 18,One,Between 91 and 135,FALSE,FALSE,NC
177,TRUE,TRUE,TRUE,More than 18,Zero,Between 91 and 135,TRUE,FALSE,HC
178,TRUE,TRUE,TRUE,More than 18,Zero,More than 135,TRUE,FALSE,LC
179,FALSE,FALSE,FALSE,More than 18,One,More than 135,FALSE,FALSE,HC
180,FALSE,TRUE,TRUE,More than 18,Zero,Between 91 and 135,FALSE,FALSE,LC
181,FALSE,FALSE,FALSE,More than 18,Two or more,More than 135,TRUE,FALSE,HC
182,TRUE,FALSE,FALSE,More than 18,Zero,More than 135,FALSE,FALSE,NC
183,FALSE,TRUE,FALSE,More than 18,One,Between 91 and 135,FALSE,FALSE,NC
184,TRUE,FALSE,FALSE,Between 11 and 18,Zero,90 or lesser,FALSE,FALSE,HC
185,TRUE,FALSE,FALSE,More than 18,Zero,Between 91 and 135,FALSE,FALSE,HC
186,TRUE,FALSE,FALSE,More than 18,Zero,More than 135,FALSE,FALSE,HC
187,TRUE,TRUE,TRUE,More than 18,Two or more,Between 91 and 135,FALSE,FALSE,LC
188,FALSE,TRUE,TRUE,More than 18,Zero,More than 135,FALSE,FALSE,HC
189,TRUE,TRUE,FALSE,More than 18,Two or more,More than 135,FALSE,FALSE,HC
190,TRUE,FALSE,FALSE,More than 18,Zero,More than 135,TRUE,FALSE,HC
191,TRUE,TRUE,TRUE,More than 18,Two or more,More than 135,FALSE,FALSE,LC
192,TRUE,FALSE,FALSE,More than 18,Zero,Between 91 and 135,FALSE,FALSE,HC
193,TRUE,FALSE,FALSE,More than 18,Zero,Between 91 and 135,TRUE,FALSE,HC
194,TRUE,FALSE,FALSE,More than 18,Zero,More than 135,TRUE,FALSE,NC
195,TRUE,FALSE,FALSE,More than 18,Zero,Between 91 and 135,FALSE,FALSE,LC
196,TRUE,TRUE,TRUE,More than 18,Zero,More than 135,FALSE,FALSE,LC
197,FALSE,TRUE,TRUE,More than 18,One,More than 135,TRUE,TRUE,LC
198,FALSE,TRUE,TRUE,More than 18,One,Between 91 and 135,FALSE,FALSE,HC
199,FALSE,TRUE,TRUE,Between 11 and 18,One,Between 91 and 135,FALSE,FALSE,LC
200,TRUE,TRUE,TRUE,Between 11 and 18,One,Between 91 and 135,FALSE,FALSE,LC
201,TRUE,TRUE,TRUE,More than 18,Zero,More than 135,TRUE,FALSE,LC
202,FALSE,TRUE,TRUE,More than 18,Two or more,More than 135,FALSE,TRUE,NC
203,TRUE,FALSE,FALSE,Between 11 and 18,Two or more,Between 91 and 135,FALSE,FALSE,HC
204,FALSE,FALSE,FALSE,More than 18,One,More than 135,TRUE,FALSE,HC
205,FALSE,TRUE,FALSE,More than 18,Zero,Between 91 and 135,FALSE,FALSE,LC
206,FALSE,TRUE,TRUE,More than 18,Zero,More than 135,FALSE,FALSE,HC
207,FALSE,FALSE,FALSE,Less than or equal to 10,Zero,90 or lesser,FALSE,FALSE,LC
208,TRUE,FALSE,FALSE,Between 11 and 18,Zero,90 or lesser,FALSE,FALSE,LC
209,TRUE,FALSE,FALSE,Between 11 and 18,Zero,90 or lesser,FALSE,FALSE,HC
210,FALSE,TRUE,TRUE,Between 11 and 18,Zero,Between 91 and 135,FALSE,FALSE,LC
211,FALSE,TRUE,FALSE,Between 11 and 18,One,90 or lesser,FALSE,TRUE,HC
212,FALSE,TRUE,FALSE,Between 11 and 18,One,90 or lesser,FALSE,TRUE,HC
213,FALSE,TRUE,TRUE,Between 11 and 18,One,Between 91 and 135,FALSE,TRUE,LC
214,TRUE,FALSE,FALSE,Between 11 and 18,Zero,Between 91 and 135,FALSE,FALSE,LC
215,TRUE,TRUE,TRUE,More than 18,Zero,Between 91 and 135,FALSE,FALSE,HC
216,FALSE,TRUE,TRUE,More than 18,One,More than 135,TRUE,FALSE,HC
217,FALSE,TRUE,TRUE,More than 18,Zero,More than 135,TRUE,FALSE,HC
218,FALSE,TRUE,TRUE,More than 18,Zero,More than 135,FALSE,FALSE,LC
219,FALSE,TRUE,TRUE,More than 18,Two or more,More than 135,TRUE,FALSE,HC
220,FALSE,TRUE,TRUE,More than 18,Zero,More than 135,FALSE,FALSE,LC
221,FALSE,TRUE,TRUE,More than 18,Zero,More than 135,TRUE,FALSE,LC
222,TRUE,TRUE,TRUE,More than 18,Zero,More than 135,FALSE,FALSE,HC
223,TRUE,FALSE,FALSE,More than 18,One,More than 135,TRUE,FALSE,HC
224,FALSE,TRUE,TRUE,More than 18,One,More than 135,FALSE,FALSE,NC
225,FALSE,TRUE,TRUE,More than 18,Zero,More than 135,FALSE,FALSE,LC
226,FALSE,TRUE,TRUE,More than 18,Zero,More than 135,FALSE,FALSE,LC
227,FALSE,TRUE,TRUE,More than 18,Zero,More than 135,TRUE,FALSE,NC
228,FALSE,TRUE,TRUE,More than 18,Zero,More than 135,TRUE,FALSE,NC
229,TRUE,FALSE,FALSE,Between 11 and 18,Two or more,90 or lesser,FALSE,FALSE,HC
230,FALSE,TRUE,TRUE,More than 18,Zero,More than 135,TRUE,FALSE,LC
231,TRUE,TRUE,TRUE,Between 11 and 18,Zero,Between 91 and 135,FALSE,FALSE,HC
232,FALSE,TRUE,TRUE,More than 18,Zero,More than 135,FALSE,FALSE,HC
233,TRUE,TRUE,TRUE,More than 18,Zero,More than 135,FALSE,FALSE,HC
234,FALSE,TRUE,TRUE,More than 18,One,More than 135,TRUE,FALSE,LC
235,TRUE,FALSE,FALSE,More than 18,Zero,More than 135,FALSE,FALSE,LC
236,TRUE,TRUE,TRUE,More than 18,Zero,More than 135,FALSE,FALSE,HC
237,TRUE,FALSE,FALSE,Between 11 and 18,Zero,Between 91 and 135,FALSE,FALSE,NC
238,FALSE,TRUE,TRUE,More than 18,Zero,More than 135,TRUE,TRUE,LC
239,FALSE,TRUE,TRUE,More than 18,One,More than 135,FALSE,FALSE,LC
240,FALSE,TRUE,TRUE,More than 18,Zero,More than 135,FALSE,FALSE,LC
241,TRUE,TRUE,TRUE,Between 11 and 18,Two or more,Between 91 and 135,FALSE,FALSE,HC
242,FALSE,TRUE,TRUE,More than 18,Zero,More than 135,TRUE,FALSE,LC
243,FALSE,TRUE,TRUE,Between 11 and 18,One,90 or lesser,FALSE,FALSE,HC
244,FALSE,TRUE,TRUE,Between 11 and 18,Zero,More than 135,FALSE,FALSE,NC
245,TRUE,FALSE,FALSE,Between 11 and 18,Zero,Between 91 and 135,FALSE,FALSE,HC
246,FALSE,TRUE,TRUE,More than 18,Zero,More than 135,TRUE,FALSE,NC
247,TRUE,TRUE,TRUE,More than 18,Zero,More than 135,FALSE,FALSE,HC
248,FALSE,FALSE,FALSE,More than 18,Zero,More than 135,FALSE,FALSE,LC
249,FALSE,TRUE,TRUE,More than 18,Zero,More than 135,FALSE,FALSE,LC
250,FALSE,TRUE,FALSE,More than 18,Two or more,Between 91 and 135,FALSE,FALSE,LC
251,FALSE,TRUE,TRUE,More than 18,Zero,More than 135,TRUE,FALSE,NC
252,TRUE,TRUE,TRUE,More than 18,Zero,More than 135,TRUE,FALSE,LC
253,TRUE,TRUE,FALSE,More than 18,Zero,More than 135,TRUE,FALSE,LC
254,FALSE,TRUE,TRUE,More than 18,Zero,More than 135,TRUE,FALSE,HC
255,FALSE,TRUE,TRUE,More than 18,Zero,More than 135,TRUE,FALSE,HC
256,TRUE,TRUE,TRUE,More than 18,Zero,More than 135,FALSE,FALSE,HC
257,FALSE,TRUE,TRUE,More than 18,Zero,More than 135,FALSE,FALSE,LC
258,FALSE,TRUE,TRUE,More than 18,Zero,More than 135,FALSE,FALSE,NC
259,FALSE,TRUE,TRUE,Between 11 and 18,One,Between 91 and 135,FALSE,FALSE,HC
260,FALSE,TRUE,TRUE,More than 18,Two or more,More than 135,TRUE,FALSE,LC
261,TRUE,FALSE,FALSE,More than 18,Zero,Between 91 and 135,FALSE,TRUE,LC
262,FALSE,TRUE,TRUE,More than 18,Zero,More than 135,FALSE,FALSE,LC
263,TRUE,FALSE,FALSE,More than 18,One,More than 135,TRUE,FALSE,LC
264,TRUE,FALSE,FALSE,More than 18,Zero,More than 135,TRUE,FALSE,LC
265,TRUE,TRUE,FALSE,More than 18,Zero,Between 91 and 135,FALSE,TRUE,LC
266,TRUE,FALSE,FALSE,Between 11 and 18,Zero,Between 91 and 135,TRUE,FALSE,LC
267,TRUE,FALSE,FALSE,More than 18,Zero,More than 135,FALSE,FALSE,LC
268,TRUE,FALSE,FALSE,More than 18,Zero,More than 135,FALSE,FALSE,LC
269,TRUE,FALSE,FALSE,Less than or equal to 10,Zero,90 or lesser,FALSE,TRUE,NC
270,FALSE,TRUE,TRUE,More than 18,Zero,More than 135,TRUE,FALSE,NC
271,FALSE,TRUE,TRUE,More than 18,Zero,More than 135,TRUE,FALSE,NC
272,FALSE,TRUE,TRUE,More than 18,Zero,More than 135,TRUE,FALSE,NC
273,FALSE,TRUE,TRUE,More than 18,Zero,More than 135,TRUE,FALSE,LC
274,FALSE,TRUE,TRUE,More than 18,Zero,More than 135,FALSE,TRUE,NC
275,TRUE,TRUE,FALSE,More than 18,Zero,More than 135,FALSE,FALSE,LC
276,FALSE,TRUE,TRUE,More than 18,Zero,More than 135,FALSE,FALSE,LC
277,FALSE,TRUE,FALSE,Between 11 and 18,Zero,90 or lesser,TRUE,FALSE,NC
278,TRUE,TRUE,FALSE,More than 18,Zero,More than 135,FALSE,FALSE,LC
279,TRUE,FALSE,FALSE,More than 18,Zero,More than 135,TRUE,FALSE,LC
280,TRUE,FALSE,FALSE,More than 18,Two or more,Between 91 and 135,TRUE,FALSE,LC
281,TRUE,FALSE,FALSE,More than 18,Zero,More than 135,FALSE,FALSE,NC
282,FALSE,TRUE,FALSE,More than 18,Zero,More than 135,TRUE,FALSE,LC
283,FALSE,TRUE,TRUE,More than 18,Zero,More than 135,TRUE,FALSE,LC
284,FALSE,TRUE,TRUE,More than 18,Zero,More than 135,FALSE,FALSE,LC
285,FALSE,TRUE,TRUE,More than 18,Zero,More than 135,TRUE,FALSE,NC
286,FALSE,TRUE,TRUE,More than 18,Zero,More than 135,FALSE,FALSE,NC
287,TRUE,FALSE,FALSE,More than 18,Zero,More than 135,FALSE,FALSE,LC
288,FALSE,TRUE,TRUE,More than 18,Zero,More than 135,FALSE,TRUE,LC
289,FALSE,FALSE,FALSE,Between 11 and 18,Zero,90 or lesser,FALSE,FALSE,LC
290,TRUE,FALSE,FALSE,Less than or equal to 10,Zero,90 or lesser,FALSE,FALSE,LC
291,TRUE,FALSE,FALSE,More than 18,Zero,Between 91 and 135,TRUE,FALSE,LC
292,TRUE,TRUE,FALSE,More than 18,Zero,More than 135,FALSE,FALSE,LC
293,FALSE,TRUE,TRUE,More than 18,Zero,More than 135,FALSE,FALSE,HC
294,FALSE,TRUE,TRUE,More than 18,Zero,More than 135,TRUE,FALSE,NC
295,TRUE,TRUE,TRUE,More than 18,Zero,Between 91 and 135,TRUE,FALSE,NC
296,TRUE,TRUE,FALSE,More than 18,Zero,More than 135,FALSE,FALSE,LC
297,TRUE,TRUE,FALSE,More than 18,Zero,More than 135,FALSE,FALSE,LC
298,FALSE,TRUE,TRUE,More than 18,Zero,More than 135,FALSE,TRUE,NC
299,TRUE,FALSE,FALSE,Between 11 and 18,Zero,Between 91 and 135,FALSE,FALSE,LC
300,TRUE,TRUE,FALSE,More than 18,Zero,More than 135,FALSE,FALSE,LC
301,FALSE,FALSE,FALSE,More than 18,Zero,Between 91 and 135,FALSE,FALSE,LC
302,FALSE,FALSE,FALSE,Between 11 and 18,Zero,90 or lesser,FALSE,FALSE,HC
303,FALSE,FALSE,FALSE,More than 18,Zero,Between 91 and 135,FALSE,FALSE,LC
304,FALSE,FALSE,FALSE,Less than or equal to 10,Zero,90 or lesser,FALSE,FALSE,LC
305,FALSE,FALSE,FALSE,More than 18,Zero,Between 91 and 135,TRUE,FALSE,LC
306,FALSE,FALSE,FALSE,Less than or equal to 10,Zero,90 or lesser,FALSE,FALSE,LC
307,FALSE,FALSE,FALSE,More than 18,One,More than 135,FALSE,FALSE,LC
308,FALSE,FALSE,FALSE,More than 18,Zero,More than 135,TRUE,FALSE,LC
309,FALSE,FALSE,FALSE,More than 18,Zero,Between 91 and 135,FALSE,FALSE,HC
310,FALSE,FALSE,FALSE,Between 11 and 18,Zero,90 or lesser,TRUE,FALSE,HC
311,FALSE,FALSE,FALSE,Less than or equal to 10,Zero,90 or lesser,FALSE,FALSE,HC
312,FALSE,FALSE,FALSE,More than 18,Zero,More than 135,FALSE,FALSE,HC
313,FALSE,FALSE,FALSE,Between 11 and 18,One,90 or lesser,FALSE,FALSE,HC
314,FALSE,FALSE,FALSE,More than 18,Zero,Between 91 and 135,TRUE,TRUE,LC
315,FALSE,FALSE,FALSE,More than 18,Zero,More than 135,TRUE,FALSE,HC
316,FALSE,FALSE,FALSE,More than 18,Zero,More than 135,TRUE,FALSE,LC
317,TRUE,TRUE,FALSE,More than 18,One,More than 135,TRUE,FALSE,HC
318,FALSE,TRUE,FALSE,Between 11 and 18,Zero,Between 91 and 135,FALSE,FALSE,HC
319,FALSE,FALSE,FALSE,More than 18,Zero,More than 135,TRUE,TRUE,LC
320,TRUE,TRUE,FALSE,Between 11 and 18,Zero,Between 91 and 135,FALSE,FALSE,HC
321,FALSE,FALSE,FALSE,Between 11 and 18,Zero,Between 91 and 135,TRUE,FALSE,HC
322,FALSE,FALSE,FALSE,More than 18,Zero,More than 135,FALSE,FALSE,HC
323,FALSE,FALSE,FALSE,Between 11 and 18,One,90 or lesser,FALSE,FALSE,LC
324,FALSE,FALSE,FALSE,More than 18,One,More than 135,FALSE,FALSE,LC
325,FALSE,FALSE,FALSE,More than 18,Two or more,More than 135,FALSE,FALSE,NC
326,FALSE,TRUE,FALSE,More than 18,Two or more,More than 135,TRUE,FALSE,LC
327,FALSE,FALSE,FALSE,Less than or equal to 10,Two or more,90 or lesser,FALSE,FALSE,LC
328,FALSE,FALSE,FALSE,Between 11 and 18,Two or more,More than 135,FALSE,FALSE,LC
329,FALSE,FALSE,FALSE,More than 18,Two or more,More than 135,FALSE,FALSE,LC
330,FALSE,FALSE,FALSE,More than 18,Two or more,More than 135,TRUE,TRUE,LC
331,FALSE,TRUE,FALSE,More than 18,Two or more,More than 135,FALSE,TRUE,NC
332,FALSE,TRUE,FALSE,Less than or equal to 10,One,90 or lesser,FALSE,FALSE,LC
333,FALSE,FALSE,FALSE,More than 18,One,More than 135,FALSE,FALSE,LC
334,FALSE,FALSE,FALSE,Between 11 and 18,Two or more,Between 91 and 135,FALSE,FALSE,NC
335,TRUE,TRUE,FALSE,More than 18,Two or more,More than 135,TRUE,FALSE,NC
336,FALSE,FALSE,FALSE,Between 11 and 18,One,90 or lesser,TRUE,FALSE,LC
337,FALSE,TRUE,FALSE,Between 11 and 18,Two or more,Between 91 and 135,FALSE,FALSE,LC
338,FALSE,FALSE,FALSE,More than 18,Two or more,More than 135,TRUE,FALSE,LC
339,FALSE,FALSE,FALSE,More than 18,One,More than 135,FALSE,FALSE,HC
340,TRUE,FALSE,FALSE,More than 18,One,More than 135,FALSE,FALSE,LC
341,FALSE,FALSE,FALSE,Between 11 and 18,One,Between 91 and 135,FALSE,FALSE,LC
342,FALSE,FALSE,FALSE,More than 18,One,More than 135,FALSE,FALSE,LC
343,FALSE,FALSE,FALSE,More than 18,One,More than 135,TRUE,FALSE,HC
344,TRUE,TRUE,FALSE,More than 18,Two or more,More than 135,TRUE,FALSE,LC
345,FALSE,TRUE,FALSE,More than 18,Two or more,More than 135,TRUE,FALSE,HC
346,FALSE,FALSE,FALSE,More than 18,One,More than 135,TRUE,FALSE,LC
347,FALSE,FALSE,FALSE,More than 18,Two or more,More than 135,FALSE,FALSE,NC
348,FALSE,FALSE,FALSE,More than 18,One,More than 135,FALSE,FALSE,NC
349,FALSE,FALSE,FALSE,More than 18,One,More than 135,TRUE,FALSE,NC
350,FALSE,FALSE,FALSE,More than 18,Two or more,More than 135,TRUE,FALSE,NC
351,FALSE,FALSE,FALSE,More than 18,Zero,More than 135,TRUE,FALSE,HC
352,FALSE,FALSE,FALSE,More than 18,Two or more,More than 135,TRUE,TRUE,NC
353,TRUE,FALSE,FALSE,More than 18,Zero,More than 135,FALSE,FALSE,NC
354,FALSE,FALSE,FALSE,More than 18,Zero,More than 135,TRUE,FALSE,NC
355,FALSE,FALSE,FALSE,More than 18,Zero,More than 135,TRUE,FALSE,HC
356,FALSE,FALSE,FALSE,More than 18,Zero,More than 135,TRUE,FALSE,HC
357,FALSE,FALSE,FALSE,More than 18,Zero,More than 135,TRUE,FALSE,HC
358,FALSE,FALSE,FALSE,More than 18,Zero,More than 135,TRUE,TRUE,HC
359,FALSE,FALSE,FALSE,More than 18,Zero,More than 135,FALSE,FALSE,LC
360,FALSE,TRUE,FALSE,More than 18,Zero,More than 135,TRUE,FALSE,HC
361,FALSE,FALSE,FALSE,More than 18,One,More than 135,TRUE,FALSE,LC
362,FALSE,FALSE,FALSE,More than 18,Two or more,More than 135,TRUE,FALSE,HC
363,TRUE,FALSE,FALSE,Between 11 and 18,Zero,90 or lesser,FALSE,FALSE,HC
364,TRUE,FALSE,FALSE,More than 18,Zero,Between 91 and 135,TRUE,FALSE,HC
365,FALSE,FALSE,FALSE,More than 18,Zero,Between 91 and 135,TRUE,FALSE,HC
366,FALSE,FALSE,FALSE,Between 11 and 18,Two or more,Between 91 and 135,FALSE,FALSE,HC
367,FALSE,FALSE,FALSE,Less than or equal to 10,Zero,90 or lesser,FALSE,TRUE,LC
368,FALSE,FALSE,FALSE,More than 18,Two or more,More than 135,FALSE,FALSE,NC
369,FALSE,FALSE,FALSE,More than 18,Two or more,More than 135,TRUE,FALSE,HC
370,FALSE,TRUE,FALSE,More than 18,Two or more,More than 135,TRUE,FALSE,HC
371,FALSE,TRUE,FALSE,More than 18,One,More than 135,FALSE,TRUE,LC
372,FALSE,TRUE,FALSE,More than 18,One,More than 135,FALSE,FALSE,NC
373,FALSE,TRUE,FALSE,More than 18,One,More than 135,FALSE,FALSE,NC
374,FALSE,FALSE,FALSE,Between 11 and 18,Zero,Between 91 and 135,FALSE,FALSE,NC
375,FALSE,TRUE,FALSE,More than 18,Zero,More than 135,FALSE,TRUE,NC
376,FALSE,FALSE,FALSE,More than 18,Two or more,More than 135,FALSE,FALSE,NC
377,FALSE,TRUE,FALSE,More than 18,Zero,More than 135,TRUE,FALSE,NC
378,TRUE,FALSE,FALSE,More than 18,Zero,More than 135,FALSE,FALSE,HC
379,TRUE,FALSE,FALSE,More than 18,Zero,Between 91 and 135,FALSE,FALSE,HC
380,FALSE,FALSE,FALSE,More than 18,Zero,Between 91 and 135,FALSE,FALSE,HC
381,FALSE,FALSE,FALSE,More than 18,Zero,Between 91 and 135,FALSE,FALSE,HC
382,FALSE,FALSE,FALSE,More than 18,Zero,Between 91 and 135,TRUE,FALSE,HC
383,FALSE,FALSE,FALSE,Between 11 and 18,Zero,90 or lesser,TRUE,FALSE,HC
384,TRUE,FALSE,FALSE,Less than or equal to 10,Zero,90 or lesser,FALSE,FALSE,LC
385,FALSE,FALSE,FALSE,Less than or equal to 10,Two or more,90 or lesser,FALSE,FALSE,LC
386,FALSE,FALSE,FALSE,More than 18,One,More than 135,TRUE,FALSE,LC
387,FALSE,TRUE,FALSE,More than 18,Two or more,More than 135,TRUE,FALSE,LC
388,FALSE,FALSE,FALSE,More than 18,One,Between 91 and 135,FALSE,FALSE,LC
389,FALSE,FALSE,FALSE,More than 18,One,Between 91 and 135,FALSE,FALSE,LC
390,TRUE,FALSE,FALSE,Between 11 and 18,Zero,90 or lesser,FALSE,FALSE,LC
391,FALSE,FALSE,FALSE,Between 11 and 18,Zero,90 or lesser,FALSE,FALSE,LC
392,FALSE,FALSE,FALSE,Between 11 and 18,Zero,90 or lesser,FALSE,FALSE,HC
393,TRUE,FALSE,FALSE,Between 11 and 18,Zero,90 or lesser,FALSE,FALSE,HC
394,FALSE,FALSE,FALSE,More than 18,Zero,More than 135,TRUE,FALSE,HC
395,FALSE,FALSE,FALSE,Between 11 and 18,One,90 or lesser,FALSE,FALSE,LC
396,FALSE,FALSE,FALSE,Between 11 and 18,Zero,Between 91 and 135,FALSE,FALSE,LC
397,FALSE,FALSE,FALSE,More than 18,Zero,Between 91 and 135,TRUE,FALSE,LC
398,FALSE,FALSE,FALSE,Between 11 and 18,Zero,90 or lesser,FALSE,FALSE,NC
399,FALSE,FALSE,FALSE,Between 11 and 18,One,90 or lesser,FALSE,FALSE,NC
400,TRUE,FALSE,FALSE,More than 18,Zero,More than 135,TRUE,FALSE,HC
